{
    "acc": 0.8442622950819673,
    "loss": 0.3488202725888276,
    "training_time": 2.144599199295044
}