{
    "acc": 0.889344262295082,
    "loss": 0.39459975807332115,
    "training_time": 2.1453959941864014
}